{
  "A-01": {
    "x": 42.05607476635514,
    "y": 16.69980119284295,
    "w": 3.8551401869158877,
    "h": 2.38568588469185
  },
  "A-02": {
    "x": 45.91121495327103,
    "y": 16.69980119284295,
    "w": 3.8551401869158877,
    "h": 2.38568588469185
  },
  "A-03": {
    "x": 49.76635514018692,
    "y": 16.69980119284295,
    "w": 3.8551401869158877,
    "h": 2.38568588469185
  },
  "A-04": {
    "x": 53.62149532710281,
    "y": 16.69980119284295,
    "w": 3.8551401869158877,
    "h": 2.38568588469185
  },
  "A-05": {
    "x": 57.476635514018696,
    "y": 16.69980119284295,
    "w": 3.8551401869158877,
    "h": 2.38568588469185
  },
  "A-06": {
    "x": 61.33177570093458,
    "y": 16.69980119284295,
    "w": 3.8551401869158877,
    "h": 2.38568588469185
  },
  "A-07": {
    "x": 65.18691588785047,
    "y": 16.69980119284295,
    "w": 3.8551401869158877,
    "h": 2.38568588469185
  },
  "A-08": {
    "x": 69.04205607476635,
    "y": 16.69980119284295,
    "w": 3.8551401869158877,
    "h": 2.38568588469185
  },
  "A-09": {
    "x": 72.89719626168224,
    "y": 16.69980119284295,
    "w": 3.8551401869158877,
    "h": 2.38568588469185
  },
  "A-10": {
    "x": 76.75233644859813,
    "y": 16.69980119284295,
    "w": 3.8551401869158877,
    "h": 2.38568588469185
  },
  "A-11": {
    "x": 80.60747663551402,
    "y": 16.69980119284295,
    "w": 3.8551401869158877,
    "h": 2.38568588469185
  },
  "A-12": {
    "x": 84.46261682242991,
    "y": 16.69980119284295,
    "w": 3.8551401869158877,
    "h": 2.38568588469185
  },
  "A-13": {
    "x": 88.3177570093458,
    "y": 19.0854870775348,
    "w": 3.8551401869158877,
    "h": 2.38568588469185
  },
  "A-14": {
    "x": 88.3177570093458,
    "y": 21.471172962226653,
    "w": 3.8551401869158877,
    "h": 2.38568588469185
  },
  "A-28": {
    "x": 18.925233644859812,
    "y": 23.856858846918502,
    "w": 3.8551401869158877,
    "h": 2.38568588469185
  },
  "A-27": {
    "x": 18.925233644859812,
    "y": 26.24254473161035,
    "w": 3.8551401869158877,
    "h": 2.38568588469185
  },
  "A-26": {
    "x": 22.7803738317757,
    "y": 28.628230616302204,
    "w": 3.8551401869158877,
    "h": 2.38568588469185
  },
  "A-25": {
    "x": 26.635514018691588,
    "y": 28.628230616302204,
    "w": 3.8551401869158877,
    "h": 2.38568588469185
  },
  "A-24": {
    "x": 38.20093457943925,
    "y": 28.628230616302204,
    "w": 3.8551401869158877,
    "h": 2.38568588469185
  },
  "A-23": {
    "x": 42.05607476635514,
    "y": 28.628230616302204,
    "w": 3.8551401869158877,
    "h": 2.38568588469185
  },
  "A-22": {
    "x": 45.91121495327103,
    "y": 28.628230616302204,
    "w": 3.8551401869158877,
    "h": 2.38568588469185
  },
  "A-21": {
    "x": 49.76635514018692,
    "y": 28.628230616302204,
    "w": 3.8551401869158877,
    "h": 2.38568588469185
  },
  "A-20": {
    "x": 61.33177570093458,
    "y": 28.628230616302204,
    "w": 3.8551401869158877,
    "h": 2.38568588469185
  },
  "A-19": {
    "x": 65.18691588785047,
    "y": 28.628230616302204,
    "w": 3.8551401869158877,
    "h": 2.38568588469185
  },
  "A-18": {
    "x": 69.04205607476635,
    "y": 28.628230616302204,
    "w": 3.8551401869158877,
    "h": 2.38568588469185
  },
  "A-17": {
    "x": 72.89719626168224,
    "y": 28.628230616302204,
    "w": 3.8551401869158877,
    "h": 2.38568588469185
  },
  "A-16": {
    "x": 84.46261682242991,
    "y": 28.628230616302204,
    "w": 3.8551401869158877,
    "h": 2.38568588469185
  },
  "A-15": {
    "x": 88.3177570093458,
    "y": 28.628230616302204,
    "w": 3.8551401869158877,
    "h": 2.38568588469185
  },
  "C-01": {
    "x": 3.9719626168224296,
    "y": 31.013916500994053,
    "w": 3.7383177570093453,
    "h": 4.970178926441356
  },
  "C-11": {
    "x": 15.186915887850466,
    "y": 31.013916500994053,
    "w": 3.7383177570093453,
    "h": 4.970178926441356
  },
  "C-02": {
    "x": 3.9719626168224296,
    "y": 35.984095427435406,
    "w": 3.7383177570093453,
    "h": 5.168986083499004
  },
  "C-10": {
    "x": 15.186915887850466,
    "y": 35.984095427435406,
    "w": 3.7383177570093453,
    "h": 5.168986083499004
  },
  "C-03": {
    "x": 3.9719626168224296,
    "y": 41.15308151093442,
    "w": 3.7383177570093453,
    "h": 5.168986083499004
  },
  "C-09": {
    "x": 15.186915887850466,
    "y": 41.15308151093442,
    "w": 3.7383177570093453,
    "h": 5.168986083499004
  },
  "C-04": {
    "x": 3.9719626168224296,
    "y": 46.32206759443342,
    "w": 3.7383177570093453,
    "h": 5.168986083499004
  },
  "C-08": {
    "x": 15.186915887850466,
    "y": 46.32206759443342,
    "w": 3.7383177570093453,
    "h": 5.168986083499004
  },
  "C-07": {
    "x": 15.186915887850466,
    "y": 51.49105367793242,
    "w": 3.7383177570093453,
    "h": 5.168986083499004
  },
  "C-05": {
    "x": 3.9719626168224296,
    "y": 54.075546719681924,
    "w": 3.7383177570093453,
    "h": 2.584493041749502
  },
  "C-06": {
    "x": 3.9719626168224296,
    "y": 56.66003976143143,
    "w": 3.7383177570093453,
    "h": 2.584493041749502
  },
  "B-01": {
    "x": 18.925233644859812,
    "y": 59.244532803180924,
    "w": 3.8551401869158877,
    "h": 2.584493041749502
  },
  "B-02": {
    "x": 22.7803738317757,
    "y": 59.244532803180924,
    "w": 3.8551401869158877,
    "h": 2.584493041749502
  },
  "B-03": {
    "x": 38.20093457943925,
    "y": 59.244532803180924,
    "w": 3.8551401869158877,
    "h": 2.584493041749502
  },
  "B-04": {
    "x": 42.05607476635514,
    "y": 59.244532803180924,
    "w": 3.8551401869158877,
    "h": 2.584493041749502
  },
  "B-05": {
    "x": 45.91121495327103,
    "y": 59.244532803180924,
    "w": 3.8551401869158877,
    "h": 2.584493041749502
  },
  "B-07": {
    "x": 61.33177570093458,
    "y": 59.244532803180924,
    "w": 3.8551401869158877,
    "h": 2.584493041749502
  },
  "B-09": {
    "x": 65.18691588785047,
    "y": 59.244532803180924,
    "w": 3.8551401869158877,
    "h": 2.584493041749502
  },
  "B-10": {
    "x": 69.04205607476635,
    "y": 59.244532803180924,
    "w": 3.8551401869158877,
    "h": 2.584493041749502
  },
  "B-11": {
    "x": 72.89719626168224,
    "y": 59.244532803180924,
    "w": 3.8551401869158877,
    "h": 2.584493041749502
  },
  "B-13": {
    "x": 88.3177570093458,
    "y": 59.244532803180924,
    "w": 3.8551401869158877,
    "h": 2.584493041749502
  },
  "B-06": {
    "x": 45.91121495327103,
    "y": 61.82902584493043,
    "w": 3.8551401869158877,
    "h": 2.584493041749502
  },
  "B-08": {
    "x": 61.33177570093458,
    "y": 61.82902584493043,
    "w": 3.8551401869158877,
    "h": 2.584493041749502
  },
  "B-12": {
    "x": 72.89719626168224,
    "y": 61.82902584493043,
    "w": 3.8551401869158877,
    "h": 2.584493041749502
  },
  "B-14": {
    "x": 88.3177570093458,
    "y": 61.82902584493043,
    "w": 3.8551401869158877,
    "h": 2.584493041749502
  },
  "B-15": {
    "x": 88.3177570093458,
    "y": 64.41351888667994,
    "w": 3.8551401869158877,
    "h": 2.584493041749502
  }
}